id,nip,nama,kode_opd,jenis_asn,is_active
1,104332181960013389,Budi Palinggi,DISDIK,PNS,true
2,863794026542351161,Yanti Panggabean,DISDIK,PPPK,true
3,078161849593103413,Gunawan Siregar,DISDIK,PNS,true
4,525534192832764835,Dewi Rahayu,DISDIK,PPPK,true
5,564139537672423884,Ningsih Tobing,DISDIK,PPPK,true
6,653287101226916697,Jumadi Syafira,DISDIK,PPPK_PW,true
7,018451462704828148,Omar Susanto,DISDIK,PNS,true
8,288095701543039117,Eko Sarira,DISDIK,PPPK,true
9,278248963834657871,Putri Rahayu,DISDIK,PNS,true
10,098393010310518347,Nina Sarira,DISDIK,PNS,true
11,997376311656670106,Wawan Nugroho,DISDIK,PNS,true
12,387262473178108013,Kartika Pasaribu,DISDIK,PNS,true
13,360260647468723430,Ningsih Sarira,DISDIK,PNS,true
14,500978820812191361,Mulyono Utami,DISDIK,PNS,true
15,091699854353462475,Eko Santoso,DISDIK,PNS,true
16,911838425135427849,Jumadi Santoso,DISDIK,PPPK,true
17,841241182449353487,Rudi Kusuma,DISDIK,PNS,true
18,640052427868011280,Zaenal Salu,DISDIK,PNS,true
19,620450533158692322,Citra Wijaya,DISDIK,PNS,true
20,563421607337543303,Bambang Lubis,DISDIK,PNS,true
21,145868501429401965,Vina Tobing,DISDIK,PPPK,true
22,816934060883561595,Heni Hasibuan,DISDIK,PNS,true
23,656482366299468044,Nina Tobing,DISDIK,PPPK,true
24,957773872148951343,Maman Sari,DISDIK,PNS,true
25,379176936763201632,Jumadi Rantelino,DISDIK,PNS,true
26,317278895798687277,Rudi Utami,DISDIK,PPPK,true
27,487347143455812236,Joko Permana,DISDIK,PNS,true
28,658760366909670546,Citra Sarira,DISDIK,PPPK,true
29,893734670656272980,Bambang Salu,DISDIK,PNS,true
30,016272046537556464,Fitri Tandi,DISDIK,PNS,true
31,805310033092327193,Fajar Syafira,DISDIK,PPPK,true
32,299124190496631931,Udin Toding,DISDIK,PPPK,true
33,905865185067165726,Lina Rerung,DISDIK,PPPK_PW,true
34,498776945314737996,Wawan Wijaya,DISDIK,PNS,true
35,527354549480831367,Lestari Utami,DISDIK,PPPK,true
36,770143634957885685,Yanti Rantelino,DISDIK,PNS,true
37,431351823374989413,Tono Rahayu,DISDIK,PNS,true
38,408240084271094777,Wawan Maulana,DISDIK,PPPK_PW,true
39,471167190229413186,Omar Toding,DISDIK,PPPK,true
40,386774964990913341,Kartika Utami,DISDIK,PNS,true
41,120679740344713493,Dedi Setiawan,DISDIK,PNS,true
42,242102499471746488,Hadi Palembangan,DISDIK,PNS,true
43,065940139904902787,Santi Maulana,DISDIK,PPPK_PW,true
44,671756551256746807,Fitri Nasution,DISDIK,PNS,true
45,168087603859770348,Irfan Tambunan,DISDIK,PNS,true
46,710932480861317127,Tono Allo,DISDIK,PPPK,true
47,677378263982146584,Andi Tambunan,DISDIK,PPPK,true
48,997278755886753396,Oki Pasaribu,DISDIK,PNS,true
49,766270289517187026,Joko Hartono,DISDIK,PNS,true
50,459615865780913431,Dedi Nugroho,DISDIK,PPPK,true
51,172400504556238692,Kartika Maulana,DISDIK,PNS,true
52,693792374740748217,Yanti Salu,DISDIK,PNS,true
53,647436713695944064,Andi Kalepu,DISDIK,PPPK,true
54,097439533942104709,Zaenal Hidayat,DISDIK,PNS,true
55,456232858842474517,Eko Sari,DISDIK,PPPK,true
56,368516048175496513,Gilang Wijaya,DISDIK,PPPK,true
57,859317461200471138,Irfan Siregar,DISDIK,PNS,true
58,869261796405377351,Zaenal Sarira,DISDIK,PPPK_PW,true
59,506431713900532931,Lestari Permana,DISDIK,PNS,true
60,352904228421020539,Vina Wijaya,DISDIK,PNS,true
61,026811775891783908,Udin Rantelino,DISDIK,PPPK,true
62,007661771159212499,Lestari Nasution,DISDIK,PNS,true
63,984789611836736576,Citra Nugroho,DISDIK,PNS,true
64,545271111615280988,Wawan Setiawan,DISDIK,PNS,true
65,604945198327315851,Santi Kalepu,DISDIK,PNS,true
66,689980940244550229,Bambang Hartono,DISDIK,PNS,true
67,018366752545991022,Dewi Saputra,DISDIK,PNS,true
68,679764381561497840,Oki Sinaga,DISDIK,PPPK_PW,true
69,003432445107622683,Indra Palinggi,DISDIK,PPPK,true
70,516060715969664160,Vina Putra,DISDIK,PPPK,true
71,975161369681645352,Eko Allo,DISDIK,PPPK,true
72,883552312432921277,Mulyono Salu,DISDIK,PNS,true
73,995527177449058147,Eva Pratama,DISDIK,PNS,true
74,411998679807935978,Joko Kusuma,DISDIK,PNS,true
75,518203778892554665,Omar Kusuma,DISDIK,PPPK,true
76,515186449251925462,Omar Saputra,DISDIK,PNS,true
77,652816850542357332,Joko Hartono,DISDIK,PNS,true
78,188805929622292706,Zaenal Utami,DISDIK,PPPK_PW,true
79,947383473597746886,Kartika Susanto,DISDIK,PPPK,true
80,240758181412478261,Oki Palembangan,DISDIK,PPPK,true
81,060685361530515220,Tono Tandi,DISDIK,PPPK,true
82,277901043289861434,Heni Kusuma,DISDIK,PNS,true
83,971179808932460953,Mulyono Pasaribu,DISDIK,PNS,true
84,185188888067065405,Eko Panggabean,DISDIK,PNS,true
85,195205852772217043,Cici Susanto,DISDIK,PPPK,true
86,548687403450541566,Eva Siregar,DISDIK,PNS,true
87,277584161692845115,Tono Hasibuan,DISDIK,PNS,true
88,627570596401658202,Omar Palembangan,DISDIK,PNS,true
89,135569092755719285,Bambang Nasution,DISDIK,PPPK,true
90,310278681447394731,Irfan Hartono,DISDIK,PNS,true
91,715518844225831323,Hadi Wijaya,DISDIK,PNS,true
92,957829114678669125,Eko Palembangan,DISDIK,PNS,true
93,852892268018242253,Yanti Rerung,DISDIK,PPPK,true
94,143842498182992299,Wawan Kalepu,DISDIK,PNS,true
95,010943969078447364,Fajar Hartono,DISDIK,PPPK,true
96,276773592555625881,Vina Utami,DISDIK,PNS,true
97,473210469632595327,Indra Rantelino,DISDIK,PNS,true
98,470168733950047974,Kusuma Santoso,DISDIK,PPPK,true
99,624565060983584168,Eva Palinggi,DISDIK,PNS,true
100,991216558523986800,Cici Hidayat,DISDIK,PPPK,true
101,787298259526949588,Kusuma Banne,DISDIK,PPPK,true
102,470551694097499309,Gilang Putra,DISDIK,PNS,true
103,962309130756263689,Gilang Kusuma,DISDIK,PPPK,true
104,838578652785854973,Putri Marpaung,DISDIK,PNS,true
105,344375758441986652,Tono Pratama,DISDIK,PNS,true
106,157473384842199330,Jumadi Rahayu,DISDIK,PPPK,true
107,016571208267734540,Fitri Kalepu,DISDIK,PNS,true
108,026206724004991547,Kusuma Rerung,DISDIK,PNS,true
109,287431527420549329,Bambang Tobing,DISDIK,PNS,true
110,161227530463745499,Andi Syafira,DISDIK,PPPK,true
111,301742684145933272,Fajar Toding,DISDIK,PNS,true
112,878339187851910883,Mulyono Sarira,DISDIK,PNS,true
113,587139718707286790,Lestari Rantelino,DISDIK,PPPK,true
114,406403910651801704,Citra Maulana,DISDIK,PPPK,true
115,656766182512868230,Budi Hasibuan,DISDIK,PNS,true
116,868633752431069033,Eko Nugroho,DISDIK,PNS,true
117,790306738302843959,Omar Nasution,DISDIK,PNS,true
118,283644089268705685,Citra Pasaribu,DISDIK,PNS,true
119,628733427086688263,Rudi Permana,DISDIK,PNS,true
120,175183046990139837,Nina Lubis,DISDIK,PNS,true
121,033173936385467854,Rudi Situmorang,DISDIK,PNS,true
122,771753556093204899,Citra Tambunan,DISDIK,PNS,true
123,536937854777252287,Lina Sarira,DISDIK,PPPK_PW,true
124,080100623120387509,Gilang Banne,DISDIK,PNS,true
125,886008484086211823,Maman Rerung,DISDIK,PNS,true
126,546156793341016668,Gilang Kusuma,DISDIK,PPPK,true
127,217659180339740148,Mulyono Pratama,DISDIK,PNS,true
128,503926142939685621,Indra Panggabean,DISDIK,PNS,true
129,631599965047735866,Lina Salu,DISDIK,PPPK,true
130,194311426265511047,Zaenal Marpaung,DISDIK,PNS,true
131,126788861015819956,Andi Tambunan,DINKES,PNS,true
132,183982622444721264,Citra Hasibuan,DINKES,PNS,true
133,154379937124065965,Eva Lubis,DINKES,PNS,true
134,924593752654793564,Bambang Situmorang,DINKES,PNS,true
135,939828073741672434,Joko Tobing,DINKES,PPPK,true
136,179796886805891135,Kartika Pratama,DINKES,PNS,true
137,656101438889937567,Ningsih Allo,DINKES,PNS,true
138,071461125457387571,Eva Palembangan,DINKES,PNS,true
139,401051238282586736,Lina Maulana,DINKES,PPPK,true
140,660937966033419182,Zaenal Nasution,DINKES,PNS,true
141,147859696915579249,Ningsih Saputra,DINKES,PPPK,true
142,513412528669296627,Kusuma Maulana,DINKES,PNS,true
143,742257905072368876,Hadi Pasaribu,DINKES,PPPK,true
144,772190340438427978,Indra Setiawan,DINKES,PNS,true
145,485807836134074517,Heni Utami,DINKES,PNS,true
146,959629233095849825,Tono Tambunan,DINKES,PNS,true
147,812604223253672946,Agus Palembangan,DINKES,PNS,true
148,168457759017518636,Nina Banne,DINKES,PNS,true
149,458929750017012770,Dedi Susanto,DINKES,PPPK_PW,true
150,242415415206436110,Nina Tandi,DINKES,PNS,true
151,938700516271361115,Zaenal Hasibuan,DINKES,PNS,true
152,221890927532697311,Irfan Setiawan,DINKES,PNS,true
153,656523413899940438,Omar Allo,DINKES,PNS,true
154,640376137918055269,Citra Situmorang,DINKES,PNS,true
155,271091043006848666,Fitri Sarira,DINKES,PNS,true
156,241418328569146303,Fitri Tobing,DINKES,PNS,true
157,990421020275884252,Santi Setiawan,DINKES,PPPK,true
158,056481491778507925,Kartika Syafira,DINKES,PPPK,true
159,913800030756220863,Vina Utami,DINKES,PNS,true
160,541951802380617445,Fitri Palinggi,DINKES,PNS,true
161,534949375973832060,Oki Sarira,DINKES,PNS,true
162,050641383670241038,Citra Situmorang,DINKES,PNS,true
163,191826199062344565,Vina Palembangan,DINKES,PNS,true
164,132912127756185374,Fajar Syafira,DINKES,PPPK,true
165,124903521356804420,Bambang Palembangan,DINKES,PNS,true
166,831712100323651994,Eko Wijaya,DINKES,PPPK_PW,true
167,372151070296670662,Yanti Permana,DINKES,PPPK_PW,true
168,447209993476870146,Irfan Pasaribu,DINKES,PNS,true
169,838065787598564205,Omar Rahayu,DINKES,PNS,true
170,407859321334803965,Lina Maulana,DINKES,PNS,true
171,559059929378427010,Oki Toding,DINKES,PNS,true
172,870593252500292185,Eko Situmorang,DINKES,PPPK,true
173,691545226752895392,Agus Hasibuan,DINKES,PPPK,true
174,422096902959391725,Eko Utami,DINKES,PNS,true
175,521570433154100676,Kartika Pasaribu,DINKES,PNS,true
176,658617932710405411,Wawan Putra,DINKES,PPPK,true
177,218159970629620153,Maman Pasaribu,DINKES,PPPK,true
178,844431069872050614,Omar Tandi,DINKES,PNS,true
179,032417146774186256,Zaenal Maulana,DINKES,PNS,true
180,477434902115869380,Agus Rerung,DINKES,PNS,true
181,879374160898992172,Kartika Permana,DINKES,PPPK,true
182,206163294511686854,Jumadi Rantelino,DINKES,PPPK_PW,true
183,099861622999119148,Yanti Pasaribu,DINKES,PNS,true
184,799702462996065307,Santi Situmorang,DINKES,PNS,true
185,444713247546913736,Hadi Rerung,DINKES,PPPK,true
186,082148628902330307,Dewi Situmorang,DINKES,PPPK,true
187,457861035797279855,Kartika Syafira,DINKES,PPPK,true
188,140602933334680072,Lina Toding,DINKES,PPPK,true
189,349446657437489691,Andi Allo,DINKES,PPPK_PW,true
190,589944171545444328,Putri Kusuma,DINKES,PPPK,true
191,965207446660993538,Gilang Panggabean,DINKES,PNS,true
192,282417248251353465,Zaenal Syafira,DINKES,PNS,true
193,717099917381684602,Irfan Susanto,DINKES,PNS,true
194,972521752500743292,Hadi Saputra,DINKES,PNS,true
195,666676008350583003,Oki Panggabean,DINKES,PNS,true
196,168942104478985625,Hadi Panggabean,DINKES,PPPK,true
197,260332309821506489,Dewi Toding,DINKES,PPPK_PW,true
198,100167618472304618,Santi Toding,DINKES,PPPK,true
199,618914117393483564,Kartika Pratama,DINKES,PNS,true
200,375300119721811437,Tono Syafira,DINKES,PNS,true
201,120455611002255794,Fitri Situmorang,DINKES,PPPK,true
202,216674676212021697,Mulyono Palembangan,DINKES,PNS,true
203,659027716701450899,Oki Lubis,DINKES,PNS,true
204,916375628900287721,Hadi Nasution,DINKES,PNS,true
205,408386631779717751,Hadi Wijaya,DINKES,PNS,true
206,608801994883755037,Wawan Palinggi,DINKES,PPPK,true
207,975711305548851027,Irfan Pasaribu,DINKES,PNS,true
208,933163735160917798,Irfan Banne,DINKES,PNS,true
209,086978292216995866,Omar Utami,DINKES,PNS,true
210,547226984858333945,Irfan Maulana,DINKES,PNS,true
211,515879968460810620,Dewi Susanto,DINKES,PNS,true
212,244204380571983863,Indra Tambunan,DINKES,PPPK,true
213,066658004397359893,Maman Tambunan,DINKES,PNS,true
214,122816064842294057,Joko Pratama,DINKES,PNS,true
215,590947985158328182,Citra Sarira,DINKES,PNS,true
216,153355543987801573,Putri Pratama,DINKES,PPPK,true
217,561648408588770435,Indra Saputra,DINKES,PPPK_PW,true
218,288013361386120750,Fitri Hartono,DINKES,PNS,true
219,481934667665061809,Eko Salu,DINKES,PNS,true
220,158144914766072832,Bambang Sarira,DINKES,PNS,true
221,245088210099688143,Yanti Permana,DINKES,PNS,true
222,822239431290878141,Rudi Nugroho,DINKES,PNS,true
223,975523149135775949,Joko Kalepu,DINKES,PNS,true
224,562053364525777547,Lestari Nugroho,DINKES,PNS,true
225,914283411080996930,Lestari Syafira,DINKES,PNS,true
226,872563942788165803,Kartika Allo,DINKES,PNS,true
227,229927503731453038,Zaenal Siregar,DINKES,PNS,true
228,700518449892665918,Rudi Siregar,DINKES,PPPK_PW,true
229,386557790827231843,Joko Maulana,DINKES,PNS,true
230,913651777392603029,Ningsih Putra,DINKES,PNS,true
231,809202428699041379,Gilang Tandi,DINKES,PNS,true
232,692929842579913662,Gunawan Wijaya,DINKES,PNS,true
233,862912799088117298,Andi Tobing,DINKES,PNS,true
234,508637659916247314,Omar Sarira,DINKES,PNS,true
235,300981806356512694,Rudi Sarira,DINKES,PNS,true
236,594636887258874495,Bambang Hidayat,DINKES,PPPK,true
237,137213865890260127,Omar Tobing,DINKES,PNS,true
238,435190669849027703,Jumadi Tambunan,DINKES,PNS,true
239,988392053021465669,Maman Rerung,DINKES,PNS,true
240,118489554393769042,Citra Allo,DINKES,PNS,true
241,184518489476973577,Ningsih Wijaya,DINKES,PNS,true
242,416335658804341651,Lestari Maulana,DINKES,PNS,true
243,539423733343333952,Gunawan Setiawan,DINKES,PPPK_PW,true
244,790807595794728463,Mulyono Hidayat,DINKES,PNS,true
245,678085627187500369,Gunawan Nasution,DINKES,PNS,true
246,428434795527636556,Santi Palembangan,PUTR,PNS,true
247,293143866322702672,Jumadi Sarira,PUTR,PPPK,true
248,744890612034717545,Zaenal Palinggi,PUTR,PNS,true
249,450615939982455877,Fitri Siregar,PUTR,PPPK,true
250,722569961125355449,Bambang Marpaung,PUTR,PPPK,true
251,598762202341326111,Gilang Palinggi,PUTR,PNS,true
252,681149216433472282,Budi Pratama,PUTR,PPPK,true
253,577848728299796884,Yanti Tandi,PUTR,PNS,true
254,174564240082547807,Gilang Hasibuan,PUTR,PNS,true
255,649308536866326634,Fitri Tobing,PUTR,PPPK,true
256,894484631224179749,Hadi Susanto,PUTR,PNS,true
257,208021442703120735,Citra Hasibuan,PUTR,PPPK,true
258,757051204618723460,Heni Utami,PUTR,PNS,true
259,730371837645208814,Gilang Hasibuan,PUTR,PNS,true
260,031365024916300979,Joko Situmorang,PUTR,PPPK,true
261,327195005281273585,Eva Susanto,PUTR,PNS,true
262,652407784873928557,Santi Toding,PUTR,PPPK_PW,true
263,821827448570862095,Putri Nasution,PUTR,PPPK,true
264,863878294565118102,Lina Pratama,PUTR,PNS,true
265,731096789940539103,Hadi Saputra,PUTR,PNS,true
266,058650948014138113,Kusuma Siregar,PUTR,PNS,true
267,839288619576122868,Wawan Putra,PUTR,PNS,true
268,975585566593983684,Zaenal Palembangan,PUTR,PNS,true
269,600490824043350488,Lestari Kalepu,PUTR,PPPK_PW,true
270,210752245933441969,Nina Hartono,PUTR,PPPK,true
271,727919409610556613,Omar Santoso,PUTR,PPPK,true
272,604805892583206799,Indra Saputra,PUTR,PNS,true
273,462251790864168622,Gilang Palinggi,PUTR,PNS,true
274,693898331465911665,Yanti Susanto,PUTR,PNS,true
275,904259792703352110,Putri Sari,PUTR,PPPK,true
276,405147705383388487,Joko Wijaya,PUTR,PNS,true
277,804204394070164510,Tono Siregar,PUTR,PNS,true
278,681579812387800384,Wawan Banne,PUTR,PNS,true
279,205554384046084325,Bambang Hidayat,PUTR,PNS,true
280,689363926495782329,Kusuma Susanto,PUTR,PPPK,true
281,482629251881252056,Citra Hasibuan,PUTR,PNS,true
282,423122099499939330,Yanti Saputra,PUTR,PPPK,true
283,728975267722330604,Citra Rahayu,PUTR,PPPK,true
284,331279757366096569,Mulyono Toding,PUTR,PNS,true
285,081770388608680347,Bambang Hasibuan,PUTR,PPPK,true
286,472649082771812982,Bambang Pasaribu,PUTR,PNS,true
287,027937145211175186,Indra Putra,PUTR,PNS,true
288,602592222064474212,Maman Santoso,PUTR,PPPK,true
289,407778097339776719,Omar Santoso,PUTR,PNS,true
290,849830220502099451,Dewi Nugroho,PUTR,PNS,true
291,224999827950145561,Dedi Palinggi,PUTR,PNS,true
292,721458683390198179,Tono Tobing,PUTR,PPPK,true
293,548995299787729343,Andi Setiawan,PUTR,PNS,true
294,139660558303441448,Lestari Nasution,PUTR,PPPK,true
295,155699023557702727,Kusuma Lubis,PUTR,PNS,true
296,608495880395512405,Agus Sarira,PUTR,PPPK,true
297,996291450461735743,Jumadi Hasibuan,PUTR,PNS,true
298,503178078235784521,Jumadi Hidayat,PUTR,PNS,true
299,076810409157018409,Udin Permana,PUTR,PNS,true
300,344857142241098813,Kusuma Panggabean,PUTR,PNS,true
301,424932149587020701,Agus Kusuma,PUTR,PNS,true
302,629979545381792171,Fajar Hasibuan,PUTR,PPPK,true
303,773329456255770171,Yanti Tandi,PUTR,PNS,true
304,245992816158148769,Citra Utami,PUTR,PPPK,true
305,827615396695832197,Heni Salu,PUTR,PNS,true
306,581724619196570132,Ningsih Santoso,PERTANIAN,PPPK,true
307,278469973354946519,Andi Allo,PERTANIAN,PNS,true
308,240580085140369656,Bambang Siregar,PERTANIAN,PNS,true
309,327238656242201027,Dedi Hidayat,PERTANIAN,PNS,true
310,679692786876532690,Mulyono Banne,PERTANIAN,PPPK,true
311,384689500975197128,Santi Rantelino,PERTANIAN,PNS,true
312,891371894905807787,Mulyono Lubis,PERTANIAN,PNS,true
313,442094940792904904,Hadi Saputra,PERTANIAN,PNS,true
314,144294440192927524,Putri Banne,PERTANIAN,PNS,true
315,805129276637239504,Heni Kusuma,PERTANIAN,PNS,true
316,674783667428604765,Jumadi Pratama,PERTANIAN,PNS,true
317,856945441496739385,Lina Nasution,PERTANIAN,PNS,true
318,010618175344300910,Omar Permana,PERTANIAN,PPPK_PW,true
319,111926921244717465,Rudi Putra,PERTANIAN,PPPK,true
320,406650442717396271,Joko Sarira,PERTANIAN,PPPK,true
321,391741011947072006,Santi Sari,PERTANIAN,PPPK,true
322,690877661830671985,Wawan Hasibuan,PERTANIAN,PNS,true
323,158517432806346157,Fitri Palembangan,PERTANIAN,PPPK,true
324,203093761847870050,Wawan Pratama,PERTANIAN,PNS,true
325,387829310270790320,Lina Kusuma,PERTANIAN,PPPK_PW,true
326,179291117993136565,Heni Kalepu,PERTANIAN,PNS,true
327,530925114262582739,Cici Hidayat,PERTANIAN,PNS,true
328,962071002194672324,Jumadi Palembangan,PERTANIAN,PNS,true
329,290927914560833181,Zaenal Sarira,PERTANIAN,PNS,true
330,734031277220054364,Wawan Rantelino,PERTANIAN,PNS,true
331,082207811379956353,Heni Nasution,PERTANIAN,PNS,true
332,363631797062397265,Irfan Rantelino,PERTANIAN,PPPK,true
333,543520904217762534,Omar Putra,PERTANIAN,PPPK,true
334,929831687397740633,Vina Tobing,PERTANIAN,PNS,true
335,929060078068671773,Fitri Palinggi,PERTANIAN,PPPK,true
336,632543107427990772,Bambang Maulana,PERTANIAN,PPPK,true
337,570165804649893195,Dewi Allo,PERTANIAN,PPPK_PW,true
338,501657905528183253,Kusuma Setiawan,PERTANIAN,PPPK,true
339,933554864015577881,Gilang Sarira,PERTANIAN,PPPK,true
340,847951371162411241,Joko Banne,PERTANIAN,PNS,true
341,380468275670431038,Wawan Pasaribu,PERTANIAN,PNS,true
342,579887749242437540,Joko Panggabean,PERTANIAN,PNS,true
343,292842222310592745,Lina Permana,PERTANIAN,PNS,true
344,055257828410672752,Andi Sarira,PERTANIAN,PPPK_PW,true
345,547492975170281406,Oki Palembangan,PERTANIAN,PNS,true
346,509398343018718637,Vina Toding,PERTANIAN,PPPK,true
347,056265650455478137,Citra Palembangan,PERTANIAN,PNS,true
348,662991234785196106,Santi Pasaribu,PERTANIAN,PNS,true
349,792326487049478730,Andi Sari,PERTANIAN,PNS,true
350,714627301471959796,Rudi Tandi,PERTANIAN,PPPK_PW,true
351,158904290257252045,Citra Panggabean,PERTANIAN,PNS,true
352,481832192855445189,Yanti Sari,PERTANIAN,PNS,true
353,845765213283389888,Heni Pasaribu,PERTANIAN,PNS,true
354,112075452798524013,Irfan Sari,PERTANIAN,PPPK,true
355,423216110760310890,Gilang Setiawan,PERTANIAN,PPPK_PW,true
356,014011939325012495,Yanti Putra,PERIKANAN,PPPK,true
357,938911908334280138,Gilang Situmorang,PERIKANAN,PPPK,true
358,271256638361517182,Hadi Situmorang,PERIKANAN,PPPK,true
359,801571647947386463,Eko Tandi,PERIKANAN,PPPK_PW,true
360,520716781126691215,Maman Lubis,PERIKANAN,PNS,true
361,613674994657967842,Fajar Nugroho,PERIKANAN,PNS,true
362,773201017026952499,Gunawan Hartono,PERIKANAN,PPPK,true
363,877347784858800616,Eva Nasution,PERIKANAN,PPPK,true
364,770028427624671978,Kusuma Kalepu,PERIKANAN,PNS,true
365,828064796954500902,Zaenal Panggabean,PERIKANAN,PPPK,true
366,905616556503334911,Udin Setiawan,PERIKANAN,PNS,true
367,085076986407905696,Vina Kalepu,PERIKANAN,PNS,true
368,713578529456371834,Rudi Kusuma,PERIKANAN,PNS,true
369,963919195419876351,Udin Allo,PERIKANAN,PPPK,true
370,685366498782082973,Fajar Marpaung,PERIKANAN,PPPK_PW,true
371,896908357232466513,Citra Marpaung,PERIKANAN,PPPK,true
372,249363123034778660,Maman Putra,PERIKANAN,PNS,true
373,044820700159416516,Irfan Utami,PERIKANAN,PNS,true
374,818984713915596363,Joko Nugroho,PERIKANAN,PNS,true
375,476490785158673425,Gilang Situmorang,PERIKANAN,PPPK,true
376,090034864518376064,Udin Saputra,PERIKANAN,PPPK_PW,true
377,343275604177656124,Indra Hartono,PERIKANAN,PNS,true
378,985700272063459112,Putri Rerung,PERIKANAN,PPPK,true
379,296577242954316526,Agus Kalepu,PERIKANAN,PNS,true
380,089317342069694215,Kartika Kalepu,PERIKANAN,PNS,true
381,867713334476263934,Maman Pasaribu,PERIKANAN,PNS,true
382,204439735971072563,Agus Tobing,PERIKANAN,PPPK,true
383,411800537599004896,Udin Sinaga,PERIKANAN,PPPK,true
384,280924287572158624,Heni Nasution,PERIKANAN,PNS,true
385,274564494856257287,Dewi Susanto,PERIKANAN,PNS,true
386,320742761707587771,Joko Setiawan,PERIKANAN,PNS,true
387,342284993908926137,Gunawan Lubis,PERIKANAN,PNS,true
388,165915201777490509,Eva Nasution,PERIKANAN,PPPK_PW,true
389,923045018961642361,Budi Permana,PERIKANAN,PNS,true
390,642147649251583776,Gilang Marpaung,PERIKANAN,PNS,true
391,616592661085732788,Fitri Tambunan,LINGKUNGAN,PNS,true
392,174224386490810818,Dedi Pasaribu,LINGKUNGAN,PNS,true
393,945491801722601645,Ningsih Rantelino,LINGKUNGAN,PPPK,true
394,794523219416800610,Kartika Tandi,LINGKUNGAN,PNS,true
395,697499564122031030,Nina Tandi,LINGKUNGAN,PPPK,true
396,368314727601227770,Eva Salu,LINGKUNGAN,PNS,true
397,496050166799840767,Indra Salu,LINGKUNGAN,PPPK,true
398,730806958146717957,Dedi Wijaya,LINGKUNGAN,PNS,true
399,375738395972466572,Nina Tambunan,LINGKUNGAN,PPPK,true
400,172232971674338005,Rudi Panggabean,LINGKUNGAN,PPPK,true
401,280156193183745508,Santi Sari,LINGKUNGAN,PPPK,true
402,891077119918081213,Zaenal Putra,LINGKUNGAN,PPPK,true
403,787125521376037548,Kartika Saputra,LINGKUNGAN,PNS,true
404,653286326667850720,Jumadi Hartono,LINGKUNGAN,PNS,true
405,562606029084668455,Andi Marpaung,LINGKUNGAN,PPPK_PW,true
406,926738997563410856,Irfan Rerung,LINGKUNGAN,PPPK_PW,true
407,431884852008943468,Heni Kusuma,LINGKUNGAN,PPPK,true
408,485101749075399893,Yanti Hasibuan,LINGKUNGAN,PNS,true
409,926831589357126611,Dewi Tobing,LINGKUNGAN,PPPK,true
410,737158698864976776,Kartika Sari,LINGKUNGAN,PNS,true
411,772881377028519611,Zaenal Kalepu,LINGKUNGAN,PNS,true
412,821545447022960443,Lina Banne,LINGKUNGAN,PNS,true
413,851067949756792287,Eva Palembangan,LINGKUNGAN,PNS,true
414,519966365807412094,Lestari Setiawan,LINGKUNGAN,PPPK,true
415,139890983780182043,Putri Salu,LINGKUNGAN,PNS,true
416,895690705626085641,Heni Nugroho,LINGKUNGAN,PNS,true
417,422412462095200461,Vina Sari,LINGKUNGAN,PNS,true
418,546103399378861405,Fajar Palinggi,LINGKUNGAN,PNS,true
419,706304891382496718,Nina Sari,LINGKUNGAN,PNS,true
420,238687007942007494,Agus Panggabean,LINGKUNGAN,PPPK,true
421,398402891416128463,Indra Nasution,LINGKUNGAN,PPPK,true
422,547435537950209700,Lina Pasaribu,LINGKUNGAN,PNS,true
423,768118071569562017,Zaenal Susanto,LINGKUNGAN,PNS,true
424,304531943375047930,Maman Sinaga,LINGKUNGAN,PNS,true
425,498728399921921249,Oki Rerung,LINGKUNGAN,PPPK,true
426,430894870605664187,Hadi Situmorang,LINGKUNGAN,PNS,true
427,030468750635190361,Putri Susanto,LINGKUNGAN,PNS,true
428,411076095431735058,Putri Hartono,LINGKUNGAN,PPPK,true
429,971791100651207049,Dedi Hartono,LINGKUNGAN,PNS,true
430,080466196399076769,Gunawan Lubis,LINGKUNGAN,PPPK,true
431,078593110919392845,Citra Tandi,SOSIAL,PPPK,true
432,723200249685498227,Udin Toding,SOSIAL,PNS,true
433,508920388065333153,Gilang Rantelino,SOSIAL,PNS,true
434,599594652170730337,Nina Utami,SOSIAL,PNS,true
435,563620501508124739,Zaenal Pratama,SOSIAL,PPPK_PW,true
436,334234258323024102,Agus Setiawan,SOSIAL,PNS,true
437,347355289611223386,Zaenal Nasution,SOSIAL,PNS,true
438,309938425304289731,Gilang Hartono,SOSIAL,PNS,true
439,685787255877749690,Nina Rahayu,SOSIAL,PPPK,true
440,736346692548121478,Yanti Rahayu,SOSIAL,PNS,true
441,789567766575460273,Rudi Hartono,SOSIAL,PNS,true
442,148881431115083535,Rudi Hasibuan,SOSIAL,PPPK,true
443,439284044566907826,Oki Rahayu,SOSIAL,PPPK,true
444,373898775153663778,Budi Situmorang,SOSIAL,PNS,true
445,240755366684590902,Joko Lubis,SOSIAL,PNS,true
446,999663618637159741,Kartika Nugroho,SOSIAL,PPPK,true
447,209702316433481705,Jumadi Santoso,SOSIAL,PNS,true
448,662128671632346729,Mulyono Hasibuan,SOSIAL,PNS,true
449,874302716938597779,Cici Saputra,SOSIAL,PNS,true
450,754692632967629160,Putri Putra,SOSIAL,PNS,true
451,841376815118567243,Indra Pratama,SOSIAL,PNS,true
452,176563600412577711,Lestari Utami,SOSIAL,PPPK,true
453,727422091241862104,Joko Palembangan,SOSIAL,PNS,true
454,308370816470900633,Zaenal Utami,SOSIAL,PNS,true
455,060053131220681558,Maman Permana,SOSIAL,PPPK_PW,true
456,661331552065063731,Santi Situmorang,SOSIAL,PNS,true
457,364971892419562525,Gilang Hartono,SOSIAL,PNS,true
458,997683890309143639,Fitri Kusuma,SOSIAL,PNS,true
459,743263039752450864,Budi Rahayu,SOSIAL,PPPK,true
460,553380339685270171,Maman Kusuma,SOSIAL,PPPK,true
461,232129833816742336,Lina Toding,SOSIAL,PNS,true
462,497347156627768962,Gilang Wijaya,SOSIAL,PPPK,true
463,614982824674746897,Eko Lubis,SOSIAL,PNS,true
464,732300857666567491,Citra Pratama,SOSIAL,PPPK_PW,true
465,169236458750663370,Zaenal Wijaya,SOSIAL,PPPK,true
466,249724399201166918,Maman Tobing,SOSIAL,PNS,true
467,644886946119524364,Andi Putra,SOSIAL,PPPK,true
468,011686462252237281,Eva Kalepu,SOSIAL,PPPK,true
469,230234679121416141,Wawan Wijaya,SOSIAL,PNS,true
470,771004090138069847,Gilang Lubis,SOSIAL,PPPK,true
471,555535669055107620,Omar Setiawan,SOSIAL,PPPK,true
472,435797863050505739,Hadi Sinaga,SOSIAL,PPPK,true
473,156716493289802714,Lestari Rantelino,SOSIAL,PNS,true
474,717833321160256434,Gilang Setiawan,SOSIAL,PPPK,true
475,871539915668633414,Fitri Setiawan,SOSIAL,PNS,true
476,931952569040983665,Zaenal Hidayat,PERHUBUNGAN,PNS,true
477,993160875243772942,Cici Toding,PERHUBUNGAN,PNS,true
478,814973746052330276,Udin Putra,PERHUBUNGAN,PPPK_PW,true
479,865675661844386125,Ningsih Kusuma,PERHUBUNGAN,PPPK,true
480,472927742333059126,Dedi Putra,PERHUBUNGAN,PPPK_PW,true
481,157201859626301367,Udin Toding,PERHUBUNGAN,PPPK_PW,true
482,617647501111783099,Mulyono Tandi,PERHUBUNGAN,PNS,true
483,192676492151826068,Kusuma Rerung,PERHUBUNGAN,PNS,true
484,898131292087510293,Kartika Saputra,PERHUBUNGAN,PNS,true
485,011845826034084872,Mulyono Banne,PERHUBUNGAN,PPPK,true
486,859883103032432983,Ningsih Panggabean,PERHUBUNGAN,PNS,true
487,961844626714628314,Maman Situmorang,PERHUBUNGAN,PNS,true
488,892625660931418186,Eko Lubis,PERHUBUNGAN,PPPK,true
489,554234016361128497,Gunawan Rerung,PERHUBUNGAN,PNS,true
490,948491025625889679,Irfan Syafira,PERHUBUNGAN,PNS,true
491,822269405396727578,Tono Marpaung,PERHUBUNGAN,PPPK_PW,true
492,834146511131290148,Hadi Santoso,PERHUBUNGAN,PPPK_PW,true
493,682778816093068538,Omar Pratama,PERHUBUNGAN,PPPK,true
494,283215285067625153,Kusuma Setiawan,PERHUBUNGAN,PNS,true
495,744309634807970509,Fajar Lubis,PERHUBUNGAN,PNS,true
496,105265016731882617,Andi Sari,PERHUBUNGAN,PPPK,true
497,437654562841772256,Andi Panggabean,PERHUBUNGAN,PPPK,true
498,313402665023741678,Hadi Hidayat,PERHUBUNGAN,PNS,true
499,686211022580305690,Dedi Tandi,PERHUBUNGAN,PNS,true
500,716392823414363718,Lina Susanto,PERHUBUNGAN,PPPK_PW,true
501,923126043260931066,Jumadi Hasibuan,PERHUBUNGAN,PPPK,true
502,335670860414545635,Dewi Maulana,PERHUBUNGAN,PNS,true
503,053474916247554110,Lestari Hidayat,PERHUBUNGAN,PNS,true
504,598953439611291093,Maman Palembangan,PERHUBUNGAN,PPPK_PW,true
505,189547382023684855,Eva Setiawan,PERHUBUNGAN,PPPK_PW,true
506,176880294240903678,Indra Hartono,PERHUBUNGAN,PNS,true
507,868669432029390878,Jumadi Syafira,PERHUBUNGAN,PNS,true
508,344812308340242403,Nina Sarira,PERHUBUNGAN,PNS,true
509,595518426945005342,Rudi Wijaya,PERHUBUNGAN,PNS,true
510,916498373543962736,Zaenal Sari,PERHUBUNGAN,PPPK_PW,true
511,172722397240422693,Eko Sari,PERHUBUNGAN,PNS,true
512,376182091660100231,Santi Sari,PERHUBUNGAN,PPPK_PW,true
513,900185132797245723,Dewi Sarira,PERHUBUNGAN,PPPK,true
514,810018418620303662,Yanti Tambunan,PERHUBUNGAN,PNS,true
515,617213145195151092,Lina Tobing,PERHUBUNGAN,PNS,true
516,926249451475410225,Joko Siregar,KOMINFO,PNS,true
517,711964215226557676,Omar Lubis,KOMINFO,PNS,true
518,366878878836196893,Fitri Utami,KOMINFO,PNS,true
519,305872105524728633,Oki Kusuma,KOMINFO,PPPK,true
520,126065019179202521,Putri Hartono,KOMINFO,PNS,true
521,622728476570412009,Lina Allo,KOMINFO,PNS,true
522,667849843624186236,Dewi Rahayu,KOMINFO,PNS,true
523,891775662056341115,Omar Lubis,KOMINFO,PNS,true
524,428113904383034199,Cici Kalepu,KOMINFO,PPPK_PW,true
525,700514054683565215,Citra Allo,KOMINFO,PNS,true
526,209679042271133228,Jumadi Toding,KOMINFO,PPPK,true
527,572545960633991297,Gunawan Santoso,KOMINFO,PNS,true
528,481717524214955112,Fajar Syafira,KOMINFO,PPPK_PW,true
529,472197054669275895,Zaenal Saputra,KOMINFO,PPPK,true
530,874090380214629613,Agus Rantelino,KOMINFO,PPPK,true
531,577871121663651559,Hadi Permana,KOMINFO,PPPK,true
532,714708272359096056,Gilang Permana,KOMINFO,PNS,true
533,064421214614768342,Dewi Saputra,KOMINFO,PPPK,true
534,654235677826596089,Maman Hartono,KOMINFO,PPPK,true
535,992550272751648072,Eva Salu,KOMINFO,PNS,true
536,336829635339055044,Indra Setiawan,KOMINFO,PPPK,true
537,766558685127652892,Kusuma Tobing,KOMINFO,PNS,true
538,649111109617981789,Cici Tambunan,KOMINFO,PPPK,true
539,337861371576605384,Santi Syafira,KOMINFO,PNS,true
540,630600025895529638,Bambang Susanto,KOMINFO,PPPK,true
541,609626265826312819,Bambang Syafira,KOMINFO,PPPK,true
542,253110609209819602,Fajar Panggabean,KOMINFO,PNS,true
543,343836404120911791,Gunawan Sari,KOMINFO,PNS,true
544,211753617061713665,Eva Putra,KOMINFO,PNS,true
545,029901557998028413,Omar Wijaya,KOMINFO,PNS,true
546,882351305231244731,Yanti Palinggi,PARIWISATA,PPPK,true
547,776863423461994237,Dedi Palembangan,PARIWISATA,PNS,true
548,459196639551720849,Citra Tambunan,PARIWISATA,PPPK,true
549,856012562531355251,Andi Nasution,PARIWISATA,PPPK,true
550,537953816493831849,Eko Kalepu,PARIWISATA,PPPK,true
551,665533077046117295,Ningsih Siregar,PARIWISATA,PNS,true
552,040907426088050171,Citra Hasibuan,PARIWISATA,PNS,true
553,561857906477159103,Dewi Santoso,PARIWISATA,PNS,true
554,563213580040104145,Agus Marpaung,PARIWISATA,PPPK,true
555,297125296718839774,Vina Tandi,PARIWISATA,PNS,true
556,441583311703037637,Gunawan Lubis,PARIWISATA,PNS,true
557,988547281235679836,Maman Hartono,PARIWISATA,PNS,true
558,249127113072407875,Rudi Setiawan,PARIWISATA,PPPK_PW,true
559,156326868507451066,Maman Tambunan,PARIWISATA,PNS,true
560,294897861031310094,Putri Hartono,PARIWISATA,PNS,true
561,439666134732354940,Gunawan Maulana,PARIWISATA,PNS,true
562,974325122572076502,Rudi Hartono,PARIWISATA,PNS,true
563,095790737100943882,Joko Nugroho,PARIWISATA,PNS,true
564,577584745705458971,Santi Rerung,PARIWISATA,PPPK,true
565,026325703965313614,Kusuma Palembangan,PARIWISATA,PPPK_PW,true
566,824556964430985916,Fajar Kalepu,PARIWISATA,PPPK_PW,true
567,541072728498247414,Andi Rantelino,PARIWISATA,PNS,true
568,491074065004254882,Fitri Marpaung,PARIWISATA,PNS,true
569,369143075366614494,Lina Kalepu,PARIWISATA,PNS,true
570,592342683441497826,Dedi Nugroho,PARIWISATA,PNS,true
571,758575676670806129,Udin Utami,KEBUDAYAAN,PNS,true
572,529894062607870104,Gunawan Lubis,KEBUDAYAAN,PNS,true
573,497501980382872324,Udin Santoso,KEBUDAYAAN,PPPK,true
574,931102918133170876,Dewi Setiawan,KEBUDAYAAN,PNS,true
575,723849791620223288,Maman Tandi,KEBUDAYAAN,PNS,true
576,419754661766204719,Agus Santoso,KEBUDAYAAN,PNS,true
577,097052774025883586,Indra Hartono,KEBUDAYAAN,PNS,true
578,259572446176792988,Rudi Hidayat,KEBUDAYAAN,PPPK,true
579,995996100231177533,Gunawan Maulana,KEBUDAYAAN,PPPK,true
580,661094101759025176,Irfan Kalepu,KEBUDAYAAN,PNS,true
581,347743326831901302,Andi Situmorang,KEBUDAYAAN,PPPK,true
582,981528733978559821,Eva Tobing,KEBUDAYAAN,PPPK,true
583,191284117309850344,Agus Panggabean,KEBUDAYAAN,PNS,true
584,241893898469081974,Budi Pratama,KEBUDAYAAN,PNS,true
585,435023850371990516,Omar Saputra,KEBUDAYAAN,PPPK,true
586,724010783567430003,Kusuma Toding,KEBUDAYAAN,PPPK,true
587,087066266821719553,Wawan Tobing,KEBUDAYAAN,PPPK_PW,true
588,331903689003010272,Tono Pratama,KEBUDAYAAN,PNS,true
589,934296711148375374,Zaenal Palinggi,KEBUDAYAAN,PNS,true
590,384588105697413283,Udin Palinggi,KEBUDAYAAN,PNS,true
591,520377107044964104,Agus Banne,KEBUDAYAAN,PNS,true
592,667033626804085095,Rudi Salu,KEBUDAYAAN,PNS,true
593,059660186487699842,Agus Rantelino,KEBUDAYAAN,PPPK,true
594,320441384596094544,Omar Santoso,KEBUDAYAAN,PNS,true
595,954277070705783609,Fitri Marpaung,KEBUDAYAAN,PPPK,true
596,851724447232290310,Lina Allo,PORA,PPPK,true
597,950830440580935118,Eva Setiawan,PORA,PNS,true
598,335956164205955657,Tono Wijaya,PORA,PNS,true
599,042901935889536902,Agus Saputra,PORA,PPPK_PW,true
600,398986818097887543,Mulyono Tambunan,PORA,PPPK_PW,true
601,535375137651588157,Omar Rahayu,PORA,PNS,true
602,639283692944551166,Indra Sari,PORA,PNS,true
603,327021648712060212,Indra Rerung,PORA,PPPK_PW,true
604,652683415599910157,Citra Palembangan,PORA,PPPK,true
605,647229812099576572,Indra Salu,PORA,PNS,true
606,134750988986456522,Cici Permana,PORA,PNS,true
607,499515421447732449,Gunawan Rahayu,PORA,PPPK,true
608,213882090883070534,Mulyono Tobing,PORA,PPPK,true
609,827411767412415131,Vina Putra,PORA,PNS,true
610,478150618538003296,Oki Susanto,PORA,PNS,true
611,272742318306178932,Cici Pasaribu,PORA,PPPK,true
612,969357824347769587,Tono Nugroho,PORA,PNS,true
613,467536127515627796,Putri Wijaya,PORA,PNS,true
614,836085456676640473,Wawan Pratama,PORA,PNS,true
615,639283199529800615,Yanti Palinggi,PORA,PNS,true
616,083583286342556383,Andi Pratama,PORA,PPPK,true
617,818670244033041662,Santi Saputra,PORA,PNS,true
618,860089219639456804,Santi Rantelino,PORA,PNS,true
619,497646136847488360,Hadi Sinaga,PORA,PPPK_PW,true
620,817390637579145211,Lestari Putra,PORA,PNS,true
621,793126978930746452,Cici Nasution,PERDAGANGAN,PPPK,true
622,960438787535778811,Dedi Hartono,PERDAGANGAN,PNS,true
623,028123710672872866,Andi Tambunan,PERDAGANGAN,PNS,true
624,448595922483958947,Fajar Permana,PERDAGANGAN,PPPK_PW,true
625,228705622710433187,Wawan Nugroho,PERDAGANGAN,PNS,true
626,792158350344694596,Rudi Palinggi,PERDAGANGAN,PNS,true
627,319213424912896599,Omar Marpaung,PERDAGANGAN,PPPK_PW,true
628,973203319222705102,Indra Palembangan,PERDAGANGAN,PNS,true
629,754813866675485819,Nina Putra,PERDAGANGAN,PPPK_PW,true
630,426877418652057563,Lestari Susanto,PERDAGANGAN,PNS,true
631,203758309451548094,Cici Marpaung,PERDAGANGAN,PPPK,true
632,604409079772781050,Joko Maulana,PERDAGANGAN,PPPK,true
633,216107051843905529,Zaenal Rerung,PERDAGANGAN,PNS,true
634,660138241270493862,Andi Hasibuan,PERDAGANGAN,PNS,true
635,515791971112125902,Andi Permana,PERDAGANGAN,PPPK,true
636,713432406424295633,Santi Susanto,PERDAGANGAN,PNS,true
637,447417595587209628,Mulyono Permana,PERDAGANGAN,PPPK_PW,true
638,654358841834374018,Lina Tandi,PERDAGANGAN,PNS,true
639,955969051502675512,Yanti Hasibuan,PERDAGANGAN,PNS,true
640,820797996673459576,Udin Pratama,PERDAGANGAN,PPPK_PW,true
641,381664969028249839,Irfan Hidayat,PERDAGANGAN,PPPK,true
642,014257627023244123,Nina Tobing,PERDAGANGAN,PNS,true
643,328507251786376731,Agus Hidayat,PERDAGANGAN,PNS,true
644,265469681579039235,Zaenal Lubis,PERDAGANGAN,PNS,true
645,099613273034615626,Joko Tambunan,PERDAGANGAN,PNS,true
646,704622681715160252,Mulyono Allo,PERDAGANGAN,PNS,true
647,707660464197857585,Heni Maulana,PERDAGANGAN,PPPK_PW,true
648,861205943897607401,Hadi Rantelino,PERDAGANGAN,PNS,true
649,954654084245607540,Omar Setiawan,PERDAGANGAN,PNS,true
650,086321812276457938,Mulyono Rantelino,PERDAGANGAN,PNS,true
651,550291681546602416,Heni Susanto,PERDAGANGAN,PNS,true
652,498830597364248096,Lina Tambunan,PERDAGANGAN,PNS,true
653,630624479513305319,Tono Toding,PERDAGANGAN,PPPK,true
654,969586780555572773,Kusuma Putra,PERDAGANGAN,PPPK,true
655,460917851385445770,Joko Salu,PERDAGANGAN,PNS,true
656,596604873682691163,Nina Setiawan,PERINDUSTRIAN,PNS,true
657,226865369455158886,Oki Sinaga,PERINDUSTRIAN,PNS,true
658,747226408572169666,Maman Wijaya,PERINDUSTRIAN,PPPK,true
659,299819960593297150,Omar Siregar,PERINDUSTRIAN,PNS,true
660,327532735241039773,Omar Palembangan,PERINDUSTRIAN,PPPK_PW,true
661,278195237100687616,Rudi Sarira,PERINDUSTRIAN,PNS,true
662,980770460568761124,Ningsih Setiawan,PERINDUSTRIAN,PPPK,true
663,565237341517734547,Wawan Palembangan,PERINDUSTRIAN,PPPK,true
664,949022840359544294,Gilang Palembangan,PERINDUSTRIAN,PPPK,true
665,222946430394290458,Jumadi Sinaga,PERINDUSTRIAN,PNS,true
666,252985856728727601,Wawan Rahayu,PERINDUSTRIAN,PNS,true
667,324913577908335061,Wawan Allo,PERINDUSTRIAN,PNS,true
668,888107983342337209,Santi Palinggi,PERINDUSTRIAN,PNS,true
669,312840333997718051,Maman Tandi,PERINDUSTRIAN,PNS,true
670,173189397490961739,Fajar Santoso,PERINDUSTRIAN,PNS,true
671,694725878444835488,Udin Palembangan,PERINDUSTRIAN,PNS,true
672,270587722164175823,Gunawan Rahayu,PERINDUSTRIAN,PNS,true
673,845871493925236229,Kartika Nasution,PERINDUSTRIAN,PPPK_PW,true
674,796434745245557469,Bambang Pasaribu,PERINDUSTRIAN,PNS,true
675,606527403344505665,Lestari Palinggi,PERINDUSTRIAN,PPPK,true
676,398741132579706734,Omar Salu,PERINDUSTRIAN,PNS,true
677,105485741721562294,Mulyono Susanto,PERINDUSTRIAN,PNS,true
678,735984884021557325,Fajar Rahayu,PERINDUSTRIAN,PNS,true
679,534490216667080850,Mulyono Tobing,PERINDUSTRIAN,PPPK_PW,true
680,858749511918182819,Fajar Susanto,PERINDUSTRIAN,PPPK,true
681,647725129578606940,Agus Wijaya,PERINDUSTRIAN,PNS,true
682,562439587395923234,Lina Nugroho,PERINDUSTRIAN,PNS,true
683,902851553334264335,Budi Hidayat,PERINDUSTRIAN,PPPK,true
684,716073607763369112,Indra Salu,PERINDUSTRIAN,PPPK,true
685,123179556331857481,Fajar Wijaya,PERINDUSTRIAN,PNS,true
686,661554164316704502,Putri Maulana,TRANS,PNS,true
687,282270093459626228,Joko Maulana,TRANS,PNS,true
688,120734654950050702,Citra Pratama,TRANS,PNS,true
689,982210531611776872,Omar Santoso,TRANS,PNS,true
690,742585917793238223,Fitri Nugroho,TRANS,PPPK,true
691,491334245798894256,Zaenal Sari,TRANS,PNS,true
692,060320203265097753,Mulyono Sinaga,TRANS,PNS,true
693,379487148552457871,Wawan Rerung,TRANS,PNS,true
694,560821371184254768,Fitri Allo,TRANS,PNS,true
695,832303589298808583,Jumadi Putra,TRANS,PNS,true
696,129328963406468677,Vina Hidayat,TRANS,PPPK,true
697,401484399106227236,Kartika Pasaribu,TRANS,PNS,true
698,335134261923724501,Jumadi Hasibuan,TRANS,PNS,true
699,973741897215406417,Dedi Salu,TRANS,PNS,true
700,743811995376601444,Indra Lubis,TRANS,PNS,true
701,451017397396417899,Agus Toding,TRANS,PNS,true
702,609191911359966057,Fajar Kalepu,TRANS,PPPK,true
703,066039205146074555,Putri Marpaung,TRANS,PNS,true
704,057423885652715598,Oki Nasution,TRANS,PPPK,true
705,116597263475575225,Budi Setiawan,TRANS,PNS,true
706,488488269131196425,Kusuma Panggabean,TRANS,PNS,true
707,614991537038240733,Putri Rahayu,TRANS,PNS,true
708,320430977688936289,Bambang Kalepu,TRANS,PPPK,true
709,645465535851253892,Gunawan Allo,TRANS,PPPK,true
710,851935837490797796,Eko Putra,TRANS,PNS,true
711,780572151494097626,Nina Palembangan,MASYARAKAT,PNS,true
712,453986289509059119,Eko Rerung,MASYARAKAT,PNS,true
713,233922071511696667,Irfan Lubis,MASYARAKAT,PNS,true
714,452647124633515718,Rudi Wijaya,MASYARAKAT,PPPK,true
715,080512080056409951,Lina Susanto,MASYARAKAT,PPPK,true
716,728351295927282709,Cici Sarira,MASYARAKAT,PPPK,true
717,144152982173929578,Agus Palembangan,MASYARAKAT,PPPK_PW,true
718,815352373605079181,Vina Rerung,MASYARAKAT,PNS,true
719,886834527346666170,Hadi Nugroho,MASYARAKAT,PNS,true
720,796474080314998250,Kusuma Wijaya,MASYARAKAT,PNS,true
721,463580688285031723,Vina Hartono,MASYARAKAT,PPPK,true
722,739900631403526356,Cici Sari,MASYARAKAT,PNS,true
723,394694346066643749,Andi Sinaga,MASYARAKAT,PNS,true
724,723111271285246484,Tono Kalepu,MASYARAKAT,PNS,true
725,163187328077113062,Fitri Hartono,MASYARAKAT,PNS,true
726,957279083350902542,Yanti Rantelino,MASYARAKAT,PNS,true
727,066248132357071398,Tono Palinggi,MASYARAKAT,PNS,true
728,850116880925502130,Agus Santoso,MASYARAKAT,PNS,true
729,691309810796496737,Rudi Panggabean,MASYARAKAT,PPPK_PW,true
730,772785324264250642,Cici Rantelino,MASYARAKAT,PNS,true
731,836253666777675556,Irfan Rerung,MASYARAKAT,PNS,true
732,339395786543627187,Udin Pasaribu,MASYARAKAT,PNS,true
733,358268627036924926,Mulyono Susanto,MASYARAKAT,PNS,true
734,573275998011100051,Vina Panggabean,MASYARAKAT,PNS,true
735,234159597752441822,Kartika Pasaribu,MASYARAKAT,PNS,true
736,962887431271026767,Kartika Wijaya,MASYARAKAT,PNS,true
737,579927079551512294,Bambang Sari,MASYARAKAT,PNS,true
738,354159709962543848,Budi Banne,MASYARAKAT,PNS,true
739,203447650471580290,Mulyono Wijaya,MASYARAKAT,PNS,true
740,376604655866525483,Hadi Tambunan,MASYARAKAT,PNS,true
741,715810213125129311,Andi Santoso,PEMBERDAYAAN,PPPK,true
742,591297519102312110,Dedi Rahayu,PEMBERDAYAAN,PNS,true
743,165837379274907280,Fitri Maulana,PEMBERDAYAAN,PPPK_PW,true
744,428931132532694968,Tono Permana,PEMBERDAYAAN,PNS,true
745,538044210175096170,Fitri Nasution,PEMBERDAYAAN,PNS,true
746,591945757574758339,Kartika Pratama,PEMBERDAYAAN,PPPK,true
747,677567772266025626,Zaenal Santoso,PEMBERDAYAAN,PNS,true
748,229231067245307624,Lestari Marpaung,PEMBERDAYAAN,PNS,true
749,797662705115794238,Hadi Permana,PEMBERDAYAAN,PNS,true
750,042549691928455259,Gilang Hartono,PEMBERDAYAAN,PNS,true
751,563353574859532593,Ningsih Utami,PEMBERDAYAAN,PPPK,true
752,379705816295187794,Eko Palembangan,PEMBERDAYAAN,PNS,true
753,342507330559782457,Vina Toding,PEMBERDAYAAN,PPPK,true
754,339914038843660443,Joko Tambunan,PEMBERDAYAAN,PNS,true
755,615727682975147439,Fajar Tambunan,PEMBERDAYAAN,PNS,true
756,250105875256806562,Vina Pratama,PEMBERDAYAAN,PPPK,true
757,599080271122182315,Yanti Lubis,PEMBERDAYAAN,PNS,true
758,517680866281372143,Putri Kusuma,PEMBERDAYAAN,PPPK,true
759,800370033228556608,Tono Banne,PEMBERDAYAAN,PNS,true
760,681039033970519582,Bambang Permana,PEMBERDAYAAN,PNS,true
761,094485862394535461,Tono Palembangan,PEMBERDAYAAN,PNS,true
762,986321061339439457,Dewi Rahayu,PEMBERDAYAAN,PNS,true
763,438040325376576927,Gilang Palinggi,PEMBERDAYAAN,PNS,true
764,319100900404769210,Zaenal Permana,PEMBERDAYAAN,PPPK,true
765,651460401424731072,Andi Setiawan,PEMBERDAYAAN,PNS,true
766,379844097123166007,Dedi Rantelino,BKPSDM,PNS,true
767,090144734043370096,Lestari Banne,BKPSDM,PPPK,true
768,045195778255882556,Lina Salu,BKPSDM,PNS,true
769,754278656194255778,Kartika Pratama,BKPSDM,PNS,true
770,295829236161880819,Andi Syafira,BKPSDM,PPPK_PW,true
771,235715586863956137,Joko Susanto,BKPSDM,PPPK,true
772,817214364381300041,Nina Maulana,BKPSDM,PPPK,true
773,114716560945653469,Ningsih Tandi,BKPSDM,PPPK,true
774,907075504768169957,Budi Siregar,BKPSDM,PNS,true
775,717481131765397054,Lestari Palembangan,BKPSDM,PNS,true
776,610290871827496804,Ningsih Setiawan,BKPSDM,PPPK,true
777,727420495612137730,Agus Maulana,BKPSDM,PPPK,true
778,042359737112229907,Hadi Situmorang,BKPSDM,PPPK,true
779,608581670468611145,Gilang Sinaga,BKPSDM,PNS,true
780,321021923785847129,Citra Setiawan,BKPSDM,PNS,true
781,332426050801849804,Irfan Nasution,BKPSDM,PPPK_PW,true
782,733777312688122821,Gilang Allo,BKPSDM,PPPK_PW,true
783,192365346060560356,Eva Toding,BKPSDM,PPPK,true
784,327986239847169061,Lestari Saputra,BKPSDM,PPPK,true
785,205464754895478769,Lestari Toding,BKPSDM,PNS,true
786,927517588914444983,Vina Nasution,BKPSDM,PPPK_PW,true
787,935435864496392435,Kusuma Palinggi,BKPSDM,PNS,true
788,798214339527536749,Fajar Sarira,BKPSDM,PNS,true
789,491416860134778948,Mulyono Pasaribu,BKPSDM,PNS,true
790,067917665122150014,Gunawan Palinggi,BKPSDM,PNS,true
791,216309001594463339,Omar Kalepu,BKPSDM,PPPK,true
792,853208953263890219,Santi Banne,BKPSDM,PNS,true
793,363379223410346996,Eva Permana,BKPSDM,PNS,true
794,167726960843768550,Hadi Allo,BKPSDM,PPPK,true
795,793521962633556434,Oki Siregar,BKPSDM,PPPK,true
796,709317069556076761,Dedi Syafira,BKPSDM,PNS,true
797,454722398983065031,Kartika Saputra,BKPSDM,PPPK,true
798,804184724264236428,Eko Rahayu,BKPSDM,PPPK,true
799,909248762303911142,Kusuma Setiawan,BKPSDM,PPPK,true
800,852282305248088062,Kartika Kusuma,BKPSDM,PNS,true
801,239594737213290162,Andi Tambunan,BKPSDM,PNS,true
802,768868785996486287,Irfan Pratama,BKPSDM,PNS,true
803,954196664505730362,Eva Salu,BKPSDM,PPPK,true
804,246320374767753726,Dewi Utami,BKPSDM,PPPK_PW,true
805,145057661945887071,Yanti Lubis,BKPSDM,PNS,true
806,820128400838507659,Fajar Panggabean,BKUD,PPPK,true
807,450891776808981265,Eva Marpaung,BKUD,PNS,true
808,319646300402369362,Dedi Palinggi,BKUD,PNS,true
809,301204713727117595,Gilang Syafira,BKUD,PNS,true
810,855829849330674584,Hadi Sinaga,BKUD,PNS,true
811,944128333721885666,Mulyono Lubis,BKUD,PNS,true
812,329715066626705514,Putri Banne,BKUD,PPPK,true
813,769366343925295961,Gunawan Saputra,BKUD,PNS,true
814,028671200720245591,Cici Putra,BKUD,PPPK,true
815,510910903267149498,Eko Tambunan,BKUD,PNS,true
816,794281793406527758,Udin Tambunan,BKUD,PPPK,true
817,663453372201091217,Irfan Sari,BKUD,PPPK,true
818,455937661894370526,Maman Panggabean,BKUD,PNS,true
819,046277657256592024,Citra Saputra,BKUD,PNS,true
820,520238974326005595,Wawan Santoso,BKUD,PNS,true
821,833258486899936079,Lestari Tambunan,BKUD,PNS,true
822,704506917679935937,Rudi Hasibuan,BKUD,PPPK,true
823,039464083037360601,Santi Sarira,BKUD,PPPK,true
824,860849079388413685,Lina Sarira,BKUD,PPPK,true
825,061537012424462632,Zaenal Nugroho,BKUD,PPPK,true
826,448811210314217518,Kusuma Rantelino,BKUD,PNS,true
827,794151526384091122,Wawan Putra,BKUD,PNS,true
828,837505661863239791,Oki Banne,BKUD,PNS,true
829,765530073095055605,Fajar Saputra,BKUD,PNS,true
830,198819277885190534,Kusuma Tobing,BKUD,PNS,true
831,104246245618517446,Budi Wijaya,BKUD,PPPK_PW,true
832,521289915114551293,Ningsih Saputra,BKUD,PNS,true
833,448818984841604615,Santi Kusuma,BKUD,PNS,true
834,190170756814298315,Kartika Maulana,BKUD,PPPK,true
835,910732283608493783,Dewi Tobing,BKUD,PNS,true
836,638452696944391649,Hadi Santoso,BKUD,PPPK_PW,true
837,693429291320330162,Nina Marpaung,BKUD,PPPK_PW,true
838,903106153722155668,Santi Palembangan,BKUD,PPPK,true
839,236533774604067200,Fajar Rerung,BKUD,PNS,true
840,614244260781975437,Maman Marpaung,BKUD,PPPK,true
841,642737203763882145,Jumadi Syafira,BKUD,PPPK,true
842,484601913443899827,Jumadi Santoso,BKUD,PNS,true
843,058695073214644936,Omar Kalepu,BKUD,PNS,true
844,167933505573857368,Budi Hartono,BKUD,PNS,true
845,236037681187233351,Cici Syafira,BKUD,PNS,true
846,961497315391149830,Gilang Marpaung,BKUD,PNS,true
847,073651189394065578,Kartika Wijaya,BKUD,PPPK,true
848,904322302333247073,Irfan Pratama,BKUD,PNS,true
849,354621276025082611,Kartika Permana,BKUD,PNS,true
850,616324888995729893,Eva Tobing,BKUD,PNS,true
851,745493036468719120,Oki Sarira,BAPPEDA,PPPK_PW,true
852,187692082832308981,Putri Sarira,BAPPEDA,PNS,true
853,588144582206732318,Joko Palembangan,BAPPEDA,PNS,true
854,815724500000015291,Fitri Susanto,BAPPEDA,PNS,true
855,178509025561844421,Kusuma Sari,BAPPEDA,PPPK,true
856,987478122489056708,Dedi Rantelino,BAPPEDA,PNS,true
857,900436551584826691,Putri Pasaribu,BAPPEDA,PNS,true
858,483550542960807063,Putri Pasaribu,BAPPEDA,PPPK,true
859,987950982210401648,Heni Palinggi,BAPPEDA,PPPK_PW,true
860,044287738363816432,Eko Sari,BAPPEDA,PPPK,true
861,942894642036258631,Udin Syafira,BAPPEDA,PNS,true
862,064625540263558243,Budi Saputra,BAPPEDA,PNS,true
863,464489880315388824,Wawan Hidayat,BAPPEDA,PNS,true
864,050404333353849516,Oki Sari,BAPPEDA,PPPK,true
865,119787180933913732,Bambang Nasution,BAPPEDA,PPPK_PW,true
866,060119875617868800,Lina Permana,BAPPEDA,PPPK,true
867,091561829803657744,Omar Setiawan,BAPPEDA,PPPK_PW,true
868,609365952014911894,Gunawan Sarira,BAPPEDA,PNS,true
869,368750926322399821,Putri Palembangan,BAPPEDA,PNS,true
870,561140428860505376,Dedi Tobing,BAPPEDA,PPPK_PW,true
871,081126003083566910,Agus Sari,BAPPEDA,PPPK,true
872,153123455068826917,Hadi Tobing,BAPPEDA,PPPK,true
873,293844013480873543,Gilang Palinggi,BAPPEDA,PPPK,true
874,826033591015709085,Mulyono Salu,BAPPEDA,PPPK,true
875,449207492699969964,Lestari Toding,BAPPEDA,PPPK,true
876,718428596932591408,Udin Kalepu,BAPPEDA,PPPK,true
877,323123426698069087,Joko Sinaga,BAPPEDA,PPPK,true
878,760723483893595382,Lestari Wijaya,BAPPEDA,PPPK,true
879,405612996508269582,Dedi Marpaung,BAPPEDA,PNS,true
880,869656130876123859,Wawan Setiawan,BAPPEDA,PNS,true
881,346823948400273008,Dedi Toding,BAPPEDA,PNS,true
882,610168311395001680,Santi Saputra,BAPPEDA,PNS,true
883,915076283976205344,Budi Banne,BAPPEDA,PNS,true
884,946207266292508177,Agus Kusuma,BAPPEDA,PPPK_PW,true
885,991406884133373125,Yanti Putra,BAPPEDA,PNS,true
886,617817032119206136,Putri Allo,BALITBANG,PPPK_PW,true
887,527789561337184449,Dewi Putra,BALITBANG,PPPK,true
888,502648016440373416,Gilang Sarira,BALITBANG,PNS,true
889,277822102179821348,Citra Putra,BALITBANG,PNS,true
890,579736383182856053,Mulyono Palembangan,BALITBANG,PPPK_PW,true
891,079866177067368205,Andi Siregar,BALITBANG,PNS,true
892,122355216505871469,Joko Hartono,BALITBANG,PNS,true
893,219259679089843699,Kusuma Tambunan,BALITBANG,PPPK,true
894,022050938694842495,Indra Palinggi,BALITBANG,PPPK,true
895,145788707152386767,Maman Sarira,BALITBANG,PPPK,true
896,209746191779876829,Mulyono Tobing,BALITBANG,PNS,true
897,225893708580623504,Budi Situmorang,BALITBANG,PPPK,true
898,669579001248255442,Jumadi Sinaga,BALITBANG,PNS,true
899,632594232894633891,Wawan Sinaga,BALITBANG,PNS,true
900,152857256292693358,Omar Situmorang,BALITBANG,PNS,true
901,818655078468509574,Rudi Rahayu,BALITBANG,PNS,true
902,491891179720385934,Cici Saputra,BALITBANG,PPPK,true
903,364154715531325936,Gilang Rerung,BALITBANG,PNS,true
904,675009421410527698,Heni Salu,BALITBANG,PNS,true
905,809270452388856225,Lestari Tobing,BALITBANG,PNS,true
906,598678744227585485,Ningsih Tobing,BALITBANG,PPPK_PW,true
907,594282491165020002,Udin Situmorang,BALITBANG,PPPK,true
908,931321551305570836,Lestari Maulana,BALITBANG,PPPK,true
909,444889669972736774,Citra Sari,BALITBANG,PPPK,true
910,258254318328123123,Omar Sari,BALITBANG,PPPK,true
911,049106018364723875,Budi Sarira,BALITBANG,PNS,true
912,768172257754584726,Joko Kalepu,BALITBANG,PPPK_PW,true
913,529187683160827172,Eko Rantelino,BALITBANG,PPPK,true
914,373992052229993621,Dedi Nasution,BALITBANG,PPPK,true
915,914388232553983584,Santi Pasaribu,BALITBANG,PNS,true
916,773264309544979127,Omar Salu,KESBANGPOL,PNS,true
917,292712053978713752,Ningsih Palinggi,KESBANGPOL,PPPK_PW,true
918,832201256083200487,Omar Rantelino,KESBANGPOL,PNS,true
919,897535852386003044,Putri Siregar,KESBANGPOL,PPPK,true
920,995171523910292950,Fitri Hasibuan,KESBANGPOL,PNS,true
921,483093096713971912,Bambang Kusuma,KESBANGPOL,PPPK,true
922,213217672019111661,Irfan Maulana,KESBANGPOL,PNS,true
923,907258733930493665,Nina Sarira,KESBANGPOL,PNS,true
924,274812421140868250,Mulyono Nasution,KESBANGPOL,PPPK_PW,true
925,294620935561039952,Ningsih Banne,KESBANGPOL,PPPK,true
926,137124365858564230,Rudi Hartono,KESBANGPOL,PPPK,true
927,202706159273874029,Dewi Palembangan,KESBANGPOL,PPPK,true
928,166906322481554203,Tono Pratama,KESBANGPOL,PNS,true
929,109567975649157955,Tono Tobing,KESBANGPOL,PPPK,true
930,347124760108018103,Budi Pasaribu,KESBANGPOL,PNS,true
931,176417268080815712,Ningsih Wijaya,KESBANGPOL,PPPK,true
932,150713806713073510,Tono Situmorang,KESBANGPOL,PPPK_PW,true
933,474362130096258857,Dedi Tobing,KESBANGPOL,PNS,true
934,703180533962746662,Fitri Panggabean,KESBANGPOL,PNS,true
935,832700046661459011,Dewi Palembangan,KESBANGPOL,PNS,true
936,714004938819490531,Vina Maulana,KESBANGPOL,PNS,true
937,998094976987313797,Heni Pasaribu,KESBANGPOL,PNS,true
938,841661237407794332,Vina Tobing,KESBANGPOL,PNS,true
939,899499197014262037,Dewi Allo,KESBANGPOL,PNS,true
940,821160204181359989,Indra Salu,KESBANGPOL,PNS,true
941,211708894801864482,Kartika Setiawan,BPBD,PNS,true
942,588397857082004806,Gilang Nasution,BPBD,PNS,true
943,123691496112879429,Dedi Palinggi,BPBD,PPPK_PW,true
944,276970409531419615,Dedi Pratama,BPBD,PNS,true
945,832748835651796240,Omar Pasaribu,BPBD,PPPK,true
946,496683496047842170,Joko Palinggi,BPBD,PNS,true
947,622593648820893486,Kusuma Allo,BPBD,PNS,true
948,062467287991609114,Eko Permana,BPBD,PPPK_PW,true
949,193592361337605230,Rudi Nasution,BPBD,PNS,true
950,165025447241916503,Tono Marpaung,BPBD,PNS,true
951,966177182498980880,Bambang Rantelino,BPBD,PPPK,true
952,214174681359266486,Kusuma Utami,BPBD,PPPK,true
953,969874869415594501,Heni Hidayat,BPBD,PPPK,true
954,207536051171603988,Bambang Permana,BPBD,PNS,true
955,362189455906700099,Udin Hidayat,BPBD,PNS,true
956,942046648966760564,Kartika Santoso,BPBD,PPPK,true
957,456577580974533890,Dedi Hidayat,BPBD,PNS,true
958,546622654016599530,Andi Tobing,BPBD,PNS,true
959,212242767746259160,Gunawan Saputra,BPBD,PNS,true
960,115848860080179867,Hadi Palinggi,BPBD,PNS,true
961,129957047264261212,Dewi Permana,BPBD,PNS,true
962,375365968078525482,Udin Hidayat,BPBD,PNS,true
963,838545400644547523,Eko Setiawan,BPBD,PNS,true
964,327489791776334272,Budi Susanto,BPBD,PPPK,true
965,886217508019630453,Cici Siregar,BPBD,PPPK,true
966,358824935340018167,Gilang Allo,BPBD,PNS,true
967,165244454460838517,Omar Permana,BPBD,PNS,true
968,810539128788486999,Dedi Salu,BPBD,PNS,true
969,290457927147246301,Omar Sarira,BPBD,PPPK,true
970,642423839728339121,Lestari Banne,BPBD,PNS,true
971,293288098322101023,Lina Santoso,SETDA,PNS,true
972,867661008987610814,Maman Situmorang,SETDA,PNS,true
973,140384531980746823,Vina Hasibuan,SETDA,PNS,true
974,951003076205459671,Wawan Wijaya,SETDA,PPPK_PW,true
975,066664110654113407,Kusuma Nasution,SETDA,PNS,true
976,994970890583668348,Joko Siregar,SETDA,PNS,true
977,999626970838688891,Gilang Rerung,SETDA,PPPK_PW,true
978,791505962571976093,Irfan Wijaya,SETDA,PPPK_PW,true
979,265789826041809521,Fajar Situmorang,SETDA,PNS,true
980,517774127469211882,Santi Saputra,SETDA,PPPK,true
981,962642229758917045,Santi Hidayat,SETDA,PNS,true
982,854570568209225709,Budi Kusuma,SETDA,PNS,true
983,635640723247282895,Santi Santoso,SETDA,PNS,true
984,788224731261685071,Dewi Panggabean,SETDA,PPPK_PW,true
985,011950927115261053,Eva Kusuma,SETDA,PPPK,true
986,230071695007418948,Vina Tambunan,SETDA,PNS,true
987,298769893652944716,Fitri Allo,SETDA,PPPK_PW,true
988,734813104502589632,Eko Rantelino,SETDA,PPPK,true
989,357483526806486067,Maman Salu,SETDA,PNS,true
990,448838425364628055,Dewi Palembangan,SETDA,PPPK,true
991,406579551562392090,Kusuma Lubis,SETDA,PPPK_PW,true
992,510740913111786190,Joko Lubis,SETDA,PPPK,true
993,760220695354120122,Eva Nasution,SETDA,PPPK,true
994,950026015153259479,Wawan Pratama,SETDA,PNS,true
995,071732798059503100,Bambang Tambunan,SETDA,PPPK_PW,true
996,934039104520360894,Eko Hartono,SETDA,PNS,true
997,913599285535952056,Eko Pratama,SETDA,PNS,true
998,799006968018677403,Gilang Allo,SETDA,PNS,true
999,233944953006776255,Andi Permana,SETDA,PNS,true
1000,501736542624178429,Dewi Maulana,SETDA,PPPK,true
1001,923345110090605308,Lestari Pasaribu,SETDA,PNS,true
1002,302116673290457598,Kusuma Palembangan,SETDA,PNS,true
1003,921299642603362027,Zaenal Panggabean,SETDA,PNS,true
1004,147709207115238023,Dedi Putra,SETDA,PNS,true
1005,921581897059161186,Nina Sarira,SETDA,PNS,true
1006,881959772168800537,Kusuma Toding,SETDA,PPPK,true
1007,186928972845401822,Gilang Putra,SETDA,PNS,true
1008,283948232204144743,Irfan Rerung,SETDA,PPPK,true
1009,165993020203042322,Eva Banne,SETDA,PNS,true
1010,213530281650646300,Yanti Toding,SETDA,PNS,true
1011,777569198321029161,Gilang Hasibuan,SETDA,PNS,true
1012,902983104384196622,Mulyono Saputra,SETDA,PPPK,true
1013,316708056856670636,Joko Saputra,SETDA,PNS,true
1014,655049444076634933,Mulyono Pasaribu,SETDA,PNS,true
1015,496273226261142436,Irfan Lubis,SETDA,PPPK_PW,true
1016,854218808799196234,Fitri Toding,SETDA,PNS,true
1017,643385324725058333,Rudi Susanto,SETDA,PPPK_PW,true
1018,031158760545769475,Fajar Sinaga,SETDA,PNS,true
1019,453536597466986163,Santi Hidayat,SETDA,PNS,true
1020,545080959481526925,Zaenal Kalepu,SETDA,PNS,true
1021,472130742359142614,Dewi Syafira,SETDA,PPPK,true
1022,933261454307963731,Budi Wijaya,SETDA,PNS,true
1023,178522115871845235,Santi Maulana,SETDA,PNS,true
1024,874470173208652377,Eva Hidayat,SETDA,PNS,true
1025,656337014005278105,Vina Rerung,SETDA,PPPK,true
1026,000272214257316094,Oki Kalepu,SETDA,PPPK,true
1027,136817203136955286,Lina Wijaya,SETDA,PPPK,true
1028,297352595332227393,Jumadi Toding,SETDA,PPPK,true
1029,045735323661850761,Dewi Palinggi,SETDA,PPPK_PW,true
1030,082697182360107126,Gunawan Panggabean,SETDA,PPPK,true
1031,838821764846735742,Joko Permana,SETDA,PPPK_PW,true
1032,322280194425892225,Bambang Kusuma,SETDA,PNS,true
1033,953506373118046741,Putri Santoso,SETDA,PNS,true
1034,538418520136260846,Oki Kalepu,SETDA,PPPK,true
1035,756154705549121516,Santi Hartono,SETDA,PNS,true
1036,556409196939578752,Dewi Tandi,SETDA,PPPK,true
1037,204262019712124139,Putri Tobing,SETDA,PPPK_PW,true
1038,967897609873126773,Fitri Toding,SETDA,PPPK_PW,true
1039,227607598897865339,Udin Susanto,SETDA,PNS,true
1040,165430895231202191,Yanti Wijaya,SETDA,PPPK,true
1041,764497470002687644,Kusuma Tobing,SETDA,PNS,true
1042,497974163656045006,Putri Panggabean,SETDA,PNS,true
1043,373096496927711952,Mulyono Siregar,SETDA,PNS,true
1044,305970255128276364,Putri Saputra,SETDA,PPPK,true
1045,948989596546634544,Oki Hasibuan,SETDA,PPPK,true
1046,149169993934497439,Santi Pasaribu,SETDA,PNS,true
1047,882230958629739889,Santi Nugroho,SETDA,PNS,true
1048,109720217075485346,Zaenal Lubis,SETDA,PNS,true
1049,922030044964612939,Dewi Wijaya,SETDA,PNS,true
1050,512137565896359570,Lestari Tobing,SETDA,PPPK_PW,true
1051,199314584345663113,Kusuma Palinggi,SETDA,PNS,true
1052,342362203347424631,Budi Hasibuan,SETDA,PNS,true
1053,796868008529469021,Hadi Palembangan,SETDA,PPPK,true
1054,174304350238502289,Santi Tobing,SETDA,PNS,true
1055,275233282930202569,Gunawan Permana,SETDA,PNS,true
1056,030334677116750762,Gilang Panggabean,SETDA,PPPK,true
1057,530245301239847230,Nina Marpaung,SETDA,PPPK,true
1058,202847190172224050,Eva Pasaribu,SETDA,PPPK_PW,true
1059,487177546199240658,Oki Sarira,SETDA,PPPK,true
1060,727258122590956684,Rudi Allo,SETDA,PPPK,true
1061,237337912121101878,Cici Utami,SETWAN,PPPK,true
1062,869017074039251999,Rudi Panggabean,SETWAN,PNS,true
1063,517122276433872205,Tono Sari,SETWAN,PNS,true
1064,626549633083344470,Udin Allo,SETWAN,PPPK,true
1065,789950470205968519,Vina Susanto,SETWAN,PPPK,true
1066,774926632956342777,Vina Putra,SETWAN,PNS,true
1067,592061658129205922,Ningsih Tambunan,SETWAN,PNS,true
1068,563029559636372629,Tono Maulana,SETWAN,PNS,true
1069,615498085133138004,Mulyono Sarira,SETWAN,PPPK,true
1070,321122121548158268,Citra Sarira,SETWAN,PNS,true
1071,640191854880644200,Agus Maulana,SETWAN,PNS,true
1072,877873585664641962,Nina Tambunan,SETWAN,PPPK,true
1073,192622132041042948,Nina Setiawan,SETWAN,PNS,true
1074,789117972699994981,Kartika Allo,SETWAN,PPPK,true
1075,180036660200053285,Maman Sarira,SETWAN,PNS,true
1076,105052438380582692,Mulyono Kusuma,SETWAN,PNS,true
1077,686276332838963376,Fitri Allo,SETWAN,PNS,true
1078,186267136841013282,Maman Rahayu,SETWAN,PPPK,true
1079,218835279187506776,Gunawan Pratama,SETWAN,PNS,true
1080,592088143192797617,Indra Setiawan,SETWAN,PNS,true
1081,969838457202665686,Kartika Panggabean,SETWAN,PNS,true
1082,125734989925539460,Eva Hasibuan,SETWAN,PPPK,true
1083,990747296694179967,Budi Palinggi,SETWAN,PNS,true
1084,974748599464183984,Heni Pasaribu,SETWAN,PNS,true
1085,478536988164980445,Andi Toding,SETWAN,PNS,true
1086,860521026270664890,Budi Sarira,SETWAN,PNS,true
1087,845813088983057488,Putri Toding,SETWAN,PPPK,true
1088,418563027500030566,Gunawan Salu,SETWAN,PPPK,true
1089,953056418493784679,Dewi Allo,SETWAN,PPPK,true
1090,018726001365103444,Rudi Hidayat,SETWAN,PPPK,true
1091,067456865240622155,Omar Tobing,SETWAN,PPPK,true
1092,256222190533470474,Gilang Siregar,SETWAN,PNS,true
1093,455939652138350712,Tono Lubis,SETWAN,PPPK,true
1094,312900362211732772,Dedi Marpaung,SETWAN,PNS,true
1095,839585585229425251,Bambang Setiawan,SETWAN,PPPK_PW,true
1096,575917105080549147,Fajar Hasibuan,INSPEKTORAT,PNS,true
1097,353524784171594973,Rudi Tambunan,INSPEKTORAT,PPPK,true
1098,930537880331836113,Putri Rerung,INSPEKTORAT,PPPK_PW,true
1099,260878828152787304,Lestari Tobing,INSPEKTORAT,PNS,true
1100,152174653537801891,Yanti Tobing,INSPEKTORAT,PPPK,true
1101,344671776296914336,Irfan Salu,INSPEKTORAT,PPPK,true
1102,466450999900108985,Gilang Rahayu,INSPEKTORAT,PNS,true
1103,835211896844246488,Udin Rantelino,INSPEKTORAT,PNS,true
1104,728575958281902217,Ningsih Rantelino,INSPEKTORAT,PPPK,true
1105,912488397170598445,Gunawan Marpaung,INSPEKTORAT,PPPK,true
1106,367286811230388568,Heni Saputra,INSPEKTORAT,PNS,true
1107,978145900992177905,Vina Sari,INSPEKTORAT,PNS,true
1108,669335158807053260,Heni Setiawan,INSPEKTORAT,PNS,true
1109,910382974255136090,Jumadi Nasution,INSPEKTORAT,PPPK,true
1110,181045024373615873,Agus Sinaga,INSPEKTORAT,PNS,true
1111,713589693353900585,Dedi Saputra,INSPEKTORAT,PNS,true
1112,473156639792551164,Putri Sinaga,INSPEKTORAT,PPPK_PW,true
1113,902837727028966605,Putri Tambunan,INSPEKTORAT,PNS,true
1114,164416101975358464,Cici Situmorang,INSPEKTORAT,PPPK_PW,true
1115,038802730427636281,Rudi Syafira,INSPEKTORAT,PPPK,true
1116,718939530969067649,Andi Kalepu,INSPEKTORAT,PNS,true
1117,884987455135872717,Santi Susanto,INSPEKTORAT,PNS,true
1118,688116403439881873,Lestari Tandi,INSPEKTORAT,PNS,true
1119,583336477041309091,Yanti Susanto,INSPEKTORAT,PNS,true
1120,602826254204123190,Yanti Palembangan,INSPEKTORAT,PNS,true
1121,044100794193245381,Dewi Tandi,INSPEKTORAT,PPPK,true
1122,412248709872649632,Lina Situmorang,INSPEKTORAT,PNS,true
1123,742240432611890034,Agus Rerung,INSPEKTORAT,PNS,true
1124,630702867202009536,Citra Hidayat,INSPEKTORAT,PNS,true
1125,536890057795001732,Wawan Kalepu,INSPEKTORAT,PPPK_PW,true
